Sno,Date,Province/State,Country,Last Update,Confirmed,Deaths,Recovered,Day
1,01/22/2020 12:00:00,Anhui,China,2020-01-22 12:00:00,1.0,0.0,0.0,22
2,01/22/2020 12:00:00,Beijing,China,2020-01-22 12:00:00,14.0,0.0,0.0,22
3,01/22/2020 12:00:00,Chongqing,China,2020-01-22 12:00:00,6.0,0.0,0.0,22
4,01/22/2020 12:00:00,Fujian,China,2020-01-22 12:00:00,1.0,0.0,0.0,22
5,01/22/2020 12:00:00,Gansu,China,2020-01-22 12:00:00,0.0,0.0,0.0,22
6,01/22/2020 12:00:00,Guangdong,China,2020-01-22 12:00:00,26.0,0.0,0.0,22
7,01/22/2020 12:00:00,Guangxi,China,2020-01-22 12:00:00,2.0,0.0,0.0,22
8,01/22/2020 12:00:00,Guizhou,China,2020-01-22 12:00:00,1.0,0.0,0.0,22
9,01/22/2020 12:00:00,Hainan,China,2020-01-22 12:00:00,4.0,0.0,0.0,22
10,01/22/2020 12:00:00,Hebei,China,2020-01-22 12:00:00,1.0,0.0,0.0,22
11,01/22/2020 12:00:00,Heilongjiang,China,2020-01-22 12:00:00,0.0,0.0,0.0,22
12,01/22/2020 12:00:00,Henan,China,2020-01-22 12:00:00,5.0,0.0,0.0,22
13,01/22/2020 12:00:00,Hong Kong,China,2020-01-22 12:00:00,0.0,0.0,0.0,22
14,01/22/2020 12:00:00,Hubei,China,2020-01-22 12:00:00,444.0,0.0,0.0,22
15,01/22/2020 12:00:00,Hunan,China,2020-01-22 12:00:00,4.0,0.0,0.0,22
16,01/22/2020 12:00:00,Inner Mongolia,China,2020-01-22 12:00:00,0.0,0.0,0.0,22
17,01/22/2020 12:00:00,Jiangsu,China,2020-01-22 12:00:00,1.0,0.0,0.0,22
18,01/22/2020 12:00:00,Jiangxi,China,2020-01-22 12:00:00,2.0,0.0,0.0,22
19,01/22/2020 12:00:00,Jilin,China,2020-01-22 12:00:00,0.0,0.0,0.0,22
20,01/22/2020 12:00:00,Liaoning,China,2020-01-22 12:00:00,2.0,0.0,0.0,22
21,01/22/2020 12:00:00,Macau,China,2020-01-22 12:00:00,1.0,0.0,0.0,22
22,01/22/2020 12:00:00,Ningxia,China,2020-01-22 12:00:00,1.0,0.0,0.0,22
23,01/22/2020 12:00:00,Qinghai,China,2020-01-22 12:00:00,0.0,0.0,0.0,22
24,01/22/2020 12:00:00,Shaanxi,China,2020-01-22 12:00:00,0.0,0.0,0.0,22
25,01/22/2020 12:00:00,Shandong,China,2020-01-22 12:00:00,2.0,0.0,0.0,22
26,01/22/2020 12:00:00,Shanghai,China,2020-01-22 12:00:00,9.0,0.0,0.0,22
27,01/22/2020 12:00:00,Shanxi,China,2020-01-22 12:00:00,1.0,0.0,0.0,22
28,01/22/2020 12:00:00,Sichuan,China,2020-01-22 12:00:00,5.0,0.0,0.0,22
29,01/22/2020 12:00:00,Taiwan,China,2020-01-22 12:00:00,1.0,0.0,0.0,22
30,01/22/2020 12:00:00,Tianjin,China,2020-01-22 12:00:00,4.0,0.0,0.0,22
31,01/22/2020 12:00:00,Tibet,China,2020-01-22 12:00:00,0.0,0.0,0.0,22
32,01/22/2020 12:00:00,Washington,US,2020-01-22 12:00:00,1.0,0.0,0.0,22
33,01/22/2020 12:00:00,Xinjiang,China,2020-01-22 12:00:00,0.0,0.0,0.0,22
34,01/22/2020 12:00:00,Yunnan,China,2020-01-22 12:00:00,1.0,0.0,0.0,22
35,01/22/2020 12:00:00,Zhejiang,China,2020-01-22 12:00:00,10.0,0.0,0.0,22
36,01/22/2020 12:00:00,,Japan,2020-01-22 12:00:00,2.0,0.0,0.0,22
37,01/22/2020 12:00:00,,Thailand,2020-01-22 12:00:00,2.0,0.0,0.0,22
38,01/22/2020 12:00:00,,South Korea,2020-01-22 12:00:00,1.0,0.0,0.0,22
39,01/23/2020 12:00:00,Anhui,Mainland China,2020-01-23 12:00:00,9.0,0.0,0.0,23
40,01/23/2020 12:00:00,Beijing,Mainland China,2020-01-23 12:00:00,22.0,0.0,0.0,23
41,01/23/2020 12:00:00,Chongqing,Mainland China,2020-01-23 12:00:00,9.0,0.0,0.0,23
42,01/23/2020 12:00:00,Fujian,Mainland China,2020-01-23 12:00:00,5.0,0.0,0.0,23
43,01/23/2020 12:00:00,Gansu,Mainland China,2020-01-23 12:00:00,2.0,0.0,0.0,23
44,01/23/2020 12:00:00,Guangdong,Mainland China,2020-01-23 12:00:00,32.0,0.0,2.0,23
45,01/23/2020 12:00:00,Guangxi,Mainland China,2020-01-23 12:00:00,5.0,0.0,0.0,23
46,01/23/2020 12:00:00,Guizhou,Mainland China,2020-01-23 12:00:00,3.0,0.0,0.0,23
47,01/23/2020 12:00:00,Hainan,Mainland China,2020-01-23 12:00:00,5.0,0.0,0.0,23
48,01/23/2020 12:00:00,Hebei,Mainland China,2020-01-23 12:00:00,1.0,1.0,0.0,23
49,01/23/2020 12:00:00,Heilongjiang,Mainland China,2020-01-23 12:00:00,2.0,0.0,0.0,23
50,01/23/2020 12:00:00,Henan,Mainland China,2020-01-23 12:00:00,5.0,0.0,0.0,23
51,01/23/2020 12:00:00,Hong Kong,Hong Kong,2020-01-23 12:00:00,2.0,0.0,0.0,23
52,01/23/2020 12:00:00,Hubei,Mainland China,2020-01-23 12:00:00,444.0,17.0,28.0,23
53,01/23/2020 12:00:00,Hunan,Mainland China,2020-01-23 12:00:00,9.0,0.0,0.0,23
54,01/23/2020 12:00:00,Inner Mongolia,Mainland China,2020-01-23 12:00:00,0.0,0.0,0.0,23
55,01/23/2020 12:00:00,Jiangsu,Mainland China,2020-01-23 12:00:00,5.0,0.0,0.0,23
56,01/23/2020 12:00:00,Jiangxi,Mainland China,2020-01-23 12:00:00,7.0,0.0,0.0,23
57,01/23/2020 12:00:00,Jilin,Mainland China,2020-01-23 12:00:00,1.0,0.0,0.0,23
58,01/23/2020 12:00:00,Liaoning,Mainland China,2020-01-23 12:00:00,3.0,0.0,0.0,23
59,01/23/2020 12:00:00,Macau,Macau,2020-01-23 12:00:00,2.0,0.0,0.0,23
60,01/23/2020 12:00:00,Ningxia,Mainland China,2020-01-23 12:00:00,1.0,0.0,0.0,23
61,01/23/2020 12:00:00,Qinghai,Mainland China,2020-01-23 12:00:00,0.0,0.0,0.0,23
62,01/23/2020 12:00:00,Shaanxi,Mainland China,2020-01-23 12:00:00,3.0,0.0,0.0,23
63,01/23/2020 12:00:00,Shandong,Mainland China,2020-01-23 12:00:00,6.0,0.0,0.0,23
64,01/23/2020 12:00:00,Shanghai,Mainland China,2020-01-23 12:00:00,16.0,0.0,0.0,23
65,01/23/2020 12:00:00,Shanxi,Mainland China,2020-01-23 12:00:00,1.0,0.0,0.0,23
66,01/23/2020 12:00:00,Sichuan,Mainland China,2020-01-23 12:00:00,8.0,0.0,0.0,23
67,01/23/2020 12:00:00,Taiwan,Taiwan,2020-01-23 12:00:00,1.0,0.0,0.0,23
68,01/23/2020 12:00:00,Tianjin,Mainland China,2020-01-23 12:00:00,4.0,0.0,0.0,23
69,01/23/2020 12:00:00,Tibet,Mainland China,2020-01-23 12:00:00,0.0,0.0,0.0,23
70,01/23/2020 12:00:00,Washington,US,2020-01-23 12:00:00,1.0,0.0,0.0,23
71,01/23/2020 12:00:00,Xinjiang,Mainland China,2020-01-23 12:00:00,2.0,0.0,0.0,23
72,01/23/2020 12:00:00,Yunnan,Mainland China,2020-01-23 12:00:00,2.0,0.0,0.0,23
73,01/23/2020 12:00:00,Zhejiang,Mainland China,2020-01-23 12:00:00,27.0,0.0,0.0,23
74,01/23/2020 12:00:00,,Japan,2020-01-23 12:00:00,1.0,0.0,0.0,23
75,01/23/2020 12:00:00,,Thailand,2020-01-23 12:00:00,3.0,0.0,0.0,23
76,01/23/2020 12:00:00,,South Korea,2020-01-23 12:00:00,1.0,0.0,0.0,23
77,01/23/2020 12:00:00,,Singapore,2020-01-23 12:00:00,1.0,0.0,0.0,23
78,01/23/2020 12:00:00,,Philippines,2020-01-23 12:00:00,0.0,0.0,0.0,23
79,01/23/2020 12:00:00,,Malaysia,2020-01-23 12:00:00,0.0,0.0,0.0,23
80,01/23/2020 12:00:00,,Vietnam,2020-01-23 12:00:00,2.0,0.0,0.0,23
81,01/23/2020 12:00:00,,Australia,2020-01-23 12:00:00,0.0,0.0,0.0,23
82,01/23/2020 12:00:00,,Mexico,2020-01-23 12:00:00,0.0,0.0,0.0,23
83,01/23/2020 12:00:00,,Brazil,2020-01-23 12:00:00,0.0,0.0,0.0,23
84,01/24/2020 12:00:00,Hubei,Mainland China,2020-01-24 12:00:00,549.0,24.0,31.0,24
85,01/24/2020 12:00:00,Guangdong,Mainland China,2020-01-24 12:00:00,53.0,0.0,2.0,24
86,01/24/2020 12:00:00,Zhejiang,Mainland China,2020-01-24 12:00:00,43.0,0.0,1.0,24
87,01/24/2020 12:00:00,Beijing,Mainland China,2020-01-24 12:00:00,36.0,0.0,1.0,24
88,01/24/2020 12:00:00,Chongqing,Mainland China,2020-01-24 12:00:00,27.0,0.0,0.0,24
89,01/24/2020 12:00:00,Hunan,Mainland China,2020-01-24 12:00:00,24.0,0.0,0.0,24
90,01/24/2020 12:00:00,Guangxi,Mainland China,2020-01-24 12:00:00,23.0,0.0,0.0,24
91,01/24/2020 12:00:00,Shanghai,Mainland China,2020-01-24 12:00:00,20.0,0.0,1.0,24
92,01/24/2020 12:00:00,Jiangxi,Mainland China,2020-01-24 12:00:00,18.0,0.0,0.0,24
93,01/24/2020 12:00:00,Sichuan,Mainland China,2020-01-24 12:00:00,15.0,0.0,0.0,24
94,01/24/2020 12:00:00,Shandong,Mainland China,2020-01-24 12:00:00,15.0,0.0,0.0,24
95,01/24/2020 12:00:00,Anhui,Mainland China,2020-01-24 12:00:00,15.0,0.0,0.0,24
96,01/24/2020 12:00:00,Fujian,Mainland China,2020-01-24 12:00:00,10.0,0.0,0.0,24
97,01/24/2020 12:00:00,Henan,Mainland China,2020-01-24 12:00:00,9.0,0.0,0.0,24
98,01/24/2020 12:00:00,Jiangsu,Mainland China,2020-01-24 12:00:00,9.0,0.0,0.0,24
99,01/24/2020 12:00:00,Hainan,Mainland China,2020-01-24 12:00:00,8.0,0.0,0.0,24
100,01/24/2020 12:00:00,Tianjin,Mainland China,2020-01-24 12:00:00,8.0,0.0,0.0,24
101,01/24/2020 12:00:00,Yunnan,Mainland China,2020-01-24 12:00:00,5.0,0.0,0.0,24
102,01/24/2020 12:00:00,Shaanxi,Mainland China,2020-01-24 12:00:00,5.0,0.0,0.0,24
103,01/24/2020 12:00:00,Heilongjiang,Mainland China,2020-01-24 12:00:00,4.0,1.0,0.0,24
104,01/24/2020 12:00:00,Liaoning,Mainland China,2020-01-24 12:00:00,4.0,0.0,0.0,24
105,01/24/2020 12:00:00,Guizhou,Mainland China,2020-01-24 12:00:00,3.0,0.0,0.0,24
106,01/24/2020 12:00:00,Jilin,Mainland China,2020-01-24 12:00:00,3.0,0.0,0.0,24
107,01/24/2020 12:00:00,Taiwan,Taiwan,2020-01-24 12:00:00,3.0,0.0,0.0,24
108,01/24/2020 12:00:00,Ningxia,Mainland China,2020-01-24 12:00:00,2.0,0.0,0.0,24
109,01/24/2020 12:00:00,Hong Kong,Hong Kong,2020-01-24 12:00:00,2.0,0.0,0.0,24
110,01/24/2020 12:00:00,Macau,Macau,2020-01-24 12:00:00,2.0,0.0,0.0,24
111,01/24/2020 12:00:00,Hebei,Mainland China,2020-01-24 12:00:00,2.0,1.0,0.0,24
112,01/24/2020 12:00:00,Gansu,Mainland China,2020-01-24 12:00:00,2.0,0.0,0.0,24
113,01/24/2020 12:00:00,Xinjiang,Mainland China,2020-01-24 12:00:00,2.0,0.0,0.0,24
114,01/24/2020 12:00:00,Shanxi,Mainland China,2020-01-24 12:00:00,1.0,0.0,0.0,24
115,01/24/2020 12:00:00,Inner Mongolia,Mainland China,2020-01-24 12:00:00,1.0,0.0,0.0,24
116,01/24/2020 12:00:00,Qinghai,Mainland China,2020-01-24 12:00:00,0.0,0.0,0.0,24
117,01/24/2020 12:00:00,Washington,US,2020-01-24 12:00:00,1.0,0.0,0.0,24
118,01/24/2020 12:00:00,Chicago,US,2020-01-24 12:00:00,1.0,0.0,0.0,24
119,01/24/2020 12:00:00,,Japan,2020-01-24 12:00:00,2.0,0.0,0.0,24
120,01/24/2020 12:00:00,,Thailand,2020-01-24 12:00:00,5.0,0.0,0.0,24
121,01/24/2020 12:00:00,,South Korea,2020-01-24 12:00:00,2.0,0.0,0.0,24
122,01/24/2020 12:00:00,,Singapore,2020-01-24 12:00:00,3.0,0.0,0.0,24
123,01/24/2020 12:00:00,,Vietnam,2020-01-24 12:00:00,2.0,0.0,0.0,24
124,01/24/2020 12:00:00,,France,2020-01-24 16:00:00,2.0,0.0,0.0,24
125,01/25/2020 22:00:00,Hubei,Mainland China,2020-01-25 22:00:00,1052.0,52.0,42.0,25
126,01/25/2020 22:00:00,Zhejiang,Mainland China,2020-01-25 22:00:00,104.0,0.0,1.0,25
127,01/25/2020 22:00:00,Guangdong,Mainland China,2020-01-25 12:00:00,98.0,0.0,2.0,25
128,01/25/2020 22:00:00,Henan,Mainland China,2020-01-25 12:00:00,83.0,1.0,0.0,25
129,01/25/2020 22:00:00,Chongqing,Mainland China,2020-01-25 12:00:00,75.0,0.0,0.0,25
130,01/25/2020 22:00:00,Hunan,Mainland China,2020-01-25 12:00:00,69.0,0.0,0.0,25
131,01/25/2020 22:00:00,Anhui,Mainland China,2020-01-25 12:00:00,60.0,0.0,0.0,25
132,01/25/2020 22:00:00,Beijing,Mainland China,2020-01-25 12:00:00,51.0,0.0,2.0,25
133,01/25/2020 22:00:00,Sichuan,Mainland China,2020-01-25 12:00:00,44.0,0.0,0.0,25
134,01/25/2020 22:00:00,Shanghai,Mainland China,2020-01-25 12:00:00,40.0,1.0,1.0,25
135,01/25/2020 22:00:00,Shandong,Mainland China,2020-01-25 12:00:00,39.0,0.0,0.0,25
136,01/25/2020 22:00:00,Jiangxi,Mainland China,2020-01-25 12:00:00,36.0,0.0,0.0,25
137,01/25/2020 22:00:00,Guangxi,Mainland China,2020-01-25 12:00:00,33.0,0.0,0.0,25
138,01/25/2020 22:00:00,Jiangsu,Mainland China,2020-01-25 12:00:00,31.0,0.0,1.0,25
139,01/25/2020 22:00:00,Hainan,Mainland China,2020-01-25 12:00:00,19.0,0.0,0.0,25
140,01/25/2020 22:00:00,Liaoning,Mainland China,2020-01-25 12:00:00,19.0,0.0,0.0,25
141,01/25/2020 22:00:00,Fujian,Mainland China,2020-01-25 12:00:00,18.0,1.0,0.0,25
142,01/25/2020 22:00:00,Heilongjiang,Mainland China,2020-01-25 12:00:00,15.0,0.0,0.0,25
143,01/25/2020 22:00:00,Shaanxi,Mainland China,2020-01-25 12:00:00,15.0,0.0,0.0,25
144,01/25/2020 22:00:00,Tianjin,Mainland China,2020-01-25 12:00:00,13.0,0.0,0.0,25
145,01/25/2020 22:00:00,Hebei,Mainland China,2020-01-25 12:00:00,13.0,1.0,0.0,25
146,01/25/2020 22:00:00,Yunnan,Mainland China,2020-01-25 12:00:00,11.0,0.0,0.0,25
147,01/25/2020 22:00:00,Shanxi,Mainland China,2020-01-25 12:00:00,9.0,0.0,0.0,25
148,01/25/2020 22:00:00,Inner Mongolia,Mainland China,2020-01-25 12:00:00,7.0,0.0,0.0,25
149,01/25/2020 22:00:00,Gansu,Mainland China,2020-01-25 12:00:00,7.0,0.0,0.0,25
150,01/25/2020 22:00:00,Guizhou,Mainland China,2020-01-25 12:00:00,5.0,0.0,0.0,25
151,01/25/2020 22:00:00,Hong Kong,Hong Kong,2020-01-25 12:00:00,5.0,0.0,0.0,25
152,01/25/2020 22:00:00,Ningxia,Mainland China,2020-01-25 12:00:00,4.0,0.0,0.0,25
153,01/25/2020 22:00:00,Jilin,Mainland China,2020-01-25 12:00:00,4.0,0.0,0.0,25
154,01/25/2020 22:00:00,Xinjiang,Mainland China,2020-01-25 12:00:00,4.0,0.0,0.0,25
155,01/25/2020 22:00:00,Taiwan,Taiwan,2020-01-25 12:00:00,3.0,0.0,0.0,25
156,01/25/2020 22:00:00,Macau,Macau,2020-01-25 12:00:00,2.0,0.0,0.0,25
157,01/25/2020 22:00:00,Qinghai,Mainland China,2020-01-25 12:00:00,1.0,0.0,0.0,25
158,01/25/2020 22:00:00,Washington,US,2020-01-25 12:00:00,1.0,0.0,0.0,25
159,01/25/2020 22:00:00,Illinois,US,2020-01-25 12:00:00,1.0,0.0,0.0,25
160,01/25/2020 22:00:00,,Japan,2020-01-25 12:00:00,2.0,0.0,0.0,25
161,01/25/2020 22:00:00,,Thailand,2020-01-25 12:00:00,7.0,0.0,0.0,25
162,01/25/2020 22:00:00,,South Korea,2020-01-25 12:00:00,3.0,0.0,0.0,25
163,01/25/2020 22:00:00,,Singapore,2020-01-25 12:00:00,3.0,0.0,0.0,25
164,01/25/2020 22:00:00,,Vietnam,2020-01-25 12:00:00,2.0,0.0,0.0,25
165,01/25/2020 22:00:00,,France,2020-01-25 12:00:00,3.0,0.0,0.0,25
166,01/25/2020 22:00:00,,Australia,2020-01-25 12:00:00,4.0,0.0,0.0,25
167,01/25/2020 22:00:00,,Nepal,2020-01-25 12:00:00,1.0,0.0,0.0,25
168,01/25/2020 22:00:00,,Malaysia,2020-01-25 12:00:00,3.0,0.0,0.0,25
169,01/26/2020 23:00:00,Hubei,Mainland China,2020-01-26 23:00:00,1423.0,76.0,44.0,26
170,01/26/2020 23:00:00,Guangdong,Mainland China,2020-01-26 23:00:00,146.0,0.0,2.0,26
171,01/26/2020 23:00:00,Zhejiang,Mainland China,2020-01-26 23:00:00,128.0,0.0,1.0,26
172,01/26/2020 23:00:00,Henan,Mainland China,2020-01-26 23:00:00,128.0,1.0,0.0,26
173,01/26/2020 23:00:00,Chongqing,Mainland China,2020-01-26 23:00:00,110.0,0.0,0.0,26
174,01/26/2020 23:00:00,Hunan,Mainland China,2020-01-26 23:00:00,100.0,0.0,0.0,26
175,01/26/2020 23:00:00,Anhui,Mainland China,2020-01-26 23:00:00,70.0,0.0,0.0,26
176,01/26/2020 23:00:00,Sichuan,Mainland China,2020-01-26 23:00:00,69.0,0.0,0.0,26
177,01/26/2020 23:00:00,Beijing,Mainland China,2020-01-26 23:00:00,68.0,0.0,2.0,26
178,01/26/2020 23:00:00,Shandong,Mainland China,2020-01-26 23:00:00,63.0,0.0,0.0,26
179,01/26/2020 23:00:00,Shanghai,Mainland China,2020-01-26 23:00:00,53.0,1.0,1.0,26
180,01/26/2020 23:00:00,Jiangxi,Mainland China,2020-01-26 23:00:00,48.0,0.0,0.0,26
181,01/26/2020 23:00:00,Jiangsu,Mainland China,2020-01-26 23:00:00,47.0,0.0,1.0,26
182,01/26/2020 23:00:00,Guangxi,Mainland China,2020-01-26 23:00:00,46.0,0.0,0.0,26
183,01/26/2020 23:00:00,Fujian,Mainland China,2020-01-26 23:00:00,35.0,0.0,0.0,26
184,01/26/2020 23:00:00,Liaoning,Mainland China,2020-01-26 23:00:00,23.0,0.0,0.0,26
185,01/26/2020 23:00:00,Hainan,Mainland China,2020-01-26 23:00:00,22.0,0.0,0.0,26
186,01/26/2020 23:00:00,Shaanxi,Mainland China,2020-01-26 23:00:00,22.0,0.0,0.0,26
187,01/26/2020 23:00:00,Heilongjiang,Mainland China,2020-01-26 23:00:00,21.0,1.0,0.0,26
188,01/26/2020 23:00:00,Yunnan,Mainland China,2020-01-26 23:00:00,19.0,0.0,0.0,26
189,01/26/2020 23:00:00,Hebei,Mainland China,2020-01-26 23:00:00,18.0,1.0,0.0,26
190,01/26/2020 23:00:00,Tianjin,Mainland China,2020-01-26 23:00:00,14.0,0.0,0.0,26
191,01/26/2020 23:00:00,Gansu,Mainland China,2020-01-26 23:00:00,14.0,0.0,0.0,26
192,01/26/2020 23:00:00,Shanxi,Mainland China,2020-01-26 23:00:00,13.0,0.0,0.0,26
193,01/26/2020 23:00:00,Inner Mongolia,Mainland China,2020-01-26 23:00:00,11.0,0.0,0.0,26
194,01/26/2020 23:00:00,Hong Kong,Hong Kong,2020-01-26 23:00:00,8.0,0.0,0.0,26
195,01/26/2020 23:00:00,Guizhou,Mainland China,2020-01-26 23:00:00,7.0,0.0,0.0,26
196,01/26/2020 23:00:00,Jilin,Mainland China,2020-01-26 23:00:00,6.0,0.0,0.0,26
197,01/26/2020 23:00:00,Macau,Macau,2020-01-26 23:00:00,6.0,0.0,0.0,26
198,01/26/2020 23:00:00,Xinjiang,Mainland China,2020-01-26 23:00:00,5.0,0.0,0.0,26
199,01/26/2020 23:00:00,Ningxia,Mainland China,2020-01-26 23:00:00,4.0,0.0,0.0,26
200,01/26/2020 23:00:00,Taiwan,Taiwan,2020-01-26 23:00:00,4.0,0.0,0.0,26
201,01/26/2020 23:00:00,Qinghai,Mainland China,2020-01-26 23:00:00,4.0,0.0,0.0,26
202,01/26/2020 23:00:00,Washington,US,2020-01-26 23:00:00,1.0,0.0,0.0,26
203,01/26/2020 23:00:00,Illinois,US,2020-01-26 23:00:00,1.0,0.0,0.0,26
204,01/26/2020 23:00:00,California,US,2020-01-26 23:00:00,2.0,0.0,0.0,26
205,01/26/2020 23:00:00,Arizona,US,2020-01-26 23:00:00,1.0,0.0,0.0,26
206,01/26/2020 23:00:00,,Japan,2020-01-26 23:00:00,4.0,0.0,1.0,26
207,01/26/2020 23:00:00,,Thailand,2020-01-26 23:00:00,8.0,0.0,2.0,26
208,01/26/2020 23:00:00,,South Korea,2020-01-26 23:00:00,3.0,0.0,0.0,26
209,01/26/2020 23:00:00,,Singapore,2020-01-26 23:00:00,4.0,0.0,0.0,26
210,01/26/2020 23:00:00,,Vietnam,2020-01-26 23:00:00,2.0,0.0,0.0,26
211,01/26/2020 23:00:00,,France,2020-01-26 23:00:00,3.0,0.0,0.0,26
212,01/26/2020 23:00:00,,Australia,2020-01-26 23:00:00,4.0,0.0,0.0,26
213,01/26/2020 23:00:00,,Nepal,2020-01-26 23:00:00,1.0,0.0,0.0,26
214,01/26/2020 23:00:00,,Malaysia,2020-01-26 23:00:00,4.0,0.0,0.0,26
215,01/26/2020 23:00:00,Ontario,Canada,2020-01-26 23:00:00,1.0,0.0,0.0,26
216,01/27/2020 20:30:00,Hubei,Mainland China,2020-01-27 20:30:00,2714.0,100.0,47.0,27
217,01/27/2020 20:30:00,Zhejiang,Mainland China,2020-01-27 20:30:00,173.0,0.0,1.0,27
218,01/27/2020 20:30:00,Henan,Mainland China,2020-01-27 20:30:00,168.0,1.0,0.0,27
219,01/27/2020 20:30:00,Guangdong,Mainland China,2020-01-27 20:30:00,151.0,0.0,4.0,27
220,01/27/2020 20:30:00,Chongqing,Mainland China,2020-01-27 20:30:00,132.0,0.0,0.0,27
221,01/27/2020 20:30:00,Anhui,Mainland China,2020-01-27 20:30:00,106.0,0.0,0.0,27
222,01/27/2020 20:30:00,Hunan,Mainland China,2020-01-27 20:30:00,100.0,0.0,0.0,27
223,01/27/2020 20:30:00,Sichuan,Mainland China,2020-01-27 20:30:00,90.0,0.0,0.0,27
224,01/27/2020 20:30:00,Shandong,Mainland China,2020-01-27 20:30:00,87.0,1.0,0.0,27
225,01/27/2020 20:30:00,Beijing,Mainland China,2020-01-27 20:30:00,80.0,1.0,2.0,27
226,01/27/2020 20:30:00,Jiangxi,Mainland China,2020-01-27 20:30:00,72.0,0.0,2.0,27
227,01/27/2020 20:30:00,Jiangsu,Mainland China,2020-01-27 20:30:00,70.0,0.0,1.0,27
228,01/27/2020 20:30:00,Shanghai,Mainland China,2020-01-27 20:30:00,66.0,1.0,3.0,27
229,01/27/2020 20:30:00,Fujian,Mainland China,2020-01-27 20:30:00,59.0,0.0,0.0,27
230,01/27/2020 20:30:00,Guangxi,Mainland China,2020-01-27 20:30:00,51.0,0.0,0.0,27
231,01/27/2020 20:30:00,Shaanxi,Mainland China,2020-01-27 20:30:00,35.0,0.0,0.0,27
232,01/27/2020 20:30:00,Hainan,Mainland China,2020-01-27 20:30:00,33.0,1.0,0.0,27
233,01/27/2020 20:30:00,Hebei,Mainland China,2020-01-27 20:30:00,33.0,1.0,0.0,27
234,01/27/2020 20:30:00,Heilongjiang,Mainland China,2020-01-27 20:30:00,30.0,1.0,0.0,27
235,01/27/2020 20:30:00,Liaoning,Mainland China,2020-01-27 20:30:00,27.0,0.0,0.0,27
236,01/27/2020 20:30:00,Yunnan,Mainland China,2020-01-27 20:30:00,26.0,0.0,0.0,27
237,01/27/2020 20:30:00,Tianjin,Mainland China,2020-01-27 20:30:00,23.0,0.0,0.0,27
238,01/27/2020 20:30:00,Shanxi,Mainland China,2020-01-27 20:30:00,20.0,0.0,0.0,27
239,01/27/2020 20:30:00,Gansu,Mainland China,2020-01-27 20:30:00,19.0,0.0,0.0,27
240,01/27/2020 20:30:00,Inner Mongolia,Mainland China,2020-01-27 20:30:00,11.0,0.0,0.0,27
241,01/27/2020 20:30:00,Guizhou,Mainland China,2020-01-27 20:30:00,9.0,0.0,0.0,27
242,01/27/2020 20:30:00,Hong Kong,Hong Kong,2020-01-27 20:30:00,8.0,0.0,0.0,27
243,01/27/2020 20:30:00,Ningxia,Mainland China,2020-01-27 20:30:00,7.0,0.0,0.0,27
244,01/27/2020 20:30:00,Jilin,Mainland China,2020-01-27 20:30:00,6.0,0.0,0.0,27
245,01/27/2020 20:30:00,Macau,Macau,2020-01-27 20:30:00,6.0,0.0,0.0,27
246,01/27/2020 20:30:00,Qinghai,Mainland China,2020-01-27 20:30:00,6.0,0.0,0.0,27
247,01/27/2020 20:30:00,Taiwan,Taiwan,2020-01-27 20:30:00,5.0,0.0,0.0,27
248,01/27/2020 20:30:00,Xinjiang,Mainland China,2020-01-27 20:30:00,5.0,0.0,0.0,27
249,01/27/2020 20:30:00,Washington,US,2020-01-27 20:30:00,1.0,0.0,0.0,27
250,01/27/2020 20:30:00,Illinois,US,2020-01-27 20:30:00,1.0,0.0,0.0,27
251,01/27/2020 20:30:00,California,US,2020-01-27 20:30:00,2.0,0.0,0.0,27
252,01/27/2020 20:30:00,Arizona,US,2020-01-27 20:30:00,1.0,0.0,0.0,27
253,01/27/2020 20:30:00,,Japan,2020-01-27 20:30:00,4.0,0.0,1.0,27
254,01/27/2020 20:30:00,,Thailand,2020-01-27 20:30:00,8.0,0.0,2.0,27
255,01/27/2020 20:30:00,,South Korea,2020-01-27 20:30:00,4.0,0.0,0.0,27
256,01/27/2020 20:30:00,,Singapore,2020-01-27 20:30:00,5.0,0.0,0.0,27
257,01/27/2020 20:30:00,,Vietnam,2020-01-27 20:30:00,2.0,0.0,0.0,27
258,01/27/2020 20:30:00,,France,2020-01-27 20:30:00,3.0,0.0,0.0,27
259,01/27/2020 20:30:00,,Nepal,2020-01-27 20:30:00,1.0,0.0,0.0,27
260,01/27/2020 20:30:00,,Malaysia,2020-01-27 20:30:00,4.0,0.0,0.0,27
261,01/27/2020 20:30:00,Ontario,Canada,2020-01-27 20:30:00,1.0,0.0,0.0,27
262,01/27/2020 20:30:00,,Cambodia,2020-01-27 20:30:00,1.0,0.0,0.0,27
263,01/27/2020 20:30:00,,Sri Lanka,2020-01-27 20:30:00,1.0,0.0,0.0,27
264,01/27/2020 20:30:00,,Ivory Coast,2020-01-27 20:30:00,0.0,0.0,0.0,27
265,01/27/2020 20:30:00,New South Wales,Australia,2020-01-27 20:30:00,4.0,0.0,0.0,27
266,01/27/2020 20:30:00,Victoria,Australia,2020-01-27 20:30:00,1.0,0.0,0.0,27
267,01/27/2020 20:30:00,Bavaria,Germany,2020-01-27 20:30:00,1.0,0.0,0.0,27
268,01/28/2020 23:00:00,Hubei,Mainland China,2020-01-28 23:00:00,3554.0,125.0,80.0,28
269,01/28/2020 23:00:00,Zhejiang,Mainland China,2020-01-28 23:00:00,296.0,0.0,3.0,28
270,01/28/2020 23:00:00,Guangdong,Mainland China,2020-01-28 23:00:00,241.0,0.0,5.0,28
271,01/28/2020 23:00:00,Hunan,Mainland China,2020-01-28 23:00:00,221.0,0.0,0.0,28
272,01/28/2020 23:00:00,Henan,Mainland China,2020-01-28 23:00:00,206.0,2.0,1.0,28
273,01/28/2020 23:00:00,Anhui,Mainland China,2020-01-28 23:00:00,152.0,0.0,0.0,28
274,01/28/2020 23:00:00,Chongqing,Mainland China,2020-01-28 23:00:00,147.0,0.0,1.0,28
275,01/28/2020 23:00:00,Shandong,Mainland China,2020-01-28 23:00:00,121.0,0.0,0.0,28
276,01/28/2020 23:00:00,Jiangxi,Mainland China,2020-01-28 23:00:00,109.0,0.0,3.0,28
277,01/28/2020 23:00:00,Sichuan,Mainland China,2020-01-28 23:00:00,108.0,0.0,0.0,28
278,01/28/2020 23:00:00,Jiangsu,Mainland China,2020-01-28 23:00:00,99.0,0.0,1.0,28
279,01/28/2020 23:00:00,Beijing,Mainland China,2020-01-28 23:00:00,91.0,1.0,4.0,28
280,01/28/2020 23:00:00,Fujian,Mainland China,2020-01-28 23:00:00,82.0,0.0,0.0,28
281,01/28/2020 23:00:00,Shanghai,Mainland China,2020-01-28 23:00:00,80.0,1.0,4.0,28
282,01/28/2020 23:00:00,Guangxi,Mainland China,2020-01-28 23:00:00,58.0,0.0,2.0,28
283,01/28/2020 23:00:00,Shaanxi,Mainland China,2020-01-28 23:00:00,56.0,0.0,0.0,28
284,01/28/2020 23:00:00,Hebei,Mainland China,2020-01-28 23:00:00,48.0,1.0,0.0,28
285,01/28/2020 23:00:00,Yunnan,Mainland China,2020-01-28 23:00:00,44.0,0.0,0.0,28
286,01/28/2020 23:00:00,Hainan,Mainland China,2020-01-28 23:00:00,43.0,1.0,0.0,28
287,01/28/2020 23:00:00,Heilongjiang,Mainland China,2020-01-28 23:00:00,37.0,1.0,0.0,28
288,01/28/2020 23:00:00,Liaoning,Mainland China,2020-01-28 23:00:00,36.0,0.0,0.0,28
289,01/28/2020 23:00:00,Shanxi,Mainland China,2020-01-28 23:00:00,27.0,0.0,0.0,28
290,01/28/2020 23:00:00,Tianjin,Mainland China,2020-01-28 23:00:00,25.0,0.0,0.0,28
291,01/28/2020 23:00:00,Gansu,Mainland China,2020-01-28 23:00:00,24.0,0.0,0.0,28
292,01/28/2020 23:00:00,Inner Mongolia,Mainland China,2020-01-28 23:00:00,16.0,0.0,0.0,28
293,01/28/2020 23:00:00,Xinjiang,Mainland China,2020-01-28 23:00:00,13.0,0.0,0.0,28
294,01/28/2020 23:00:00,Ningxia,Mainland China,2020-01-28 23:00:00,12.0,0.0,0.0,28
295,01/28/2020 23:00:00,Guizhou,Mainland China,2020-01-28 23:00:00,9.0,0.0,0.0,28
296,01/28/2020 23:00:00,Jilin,Mainland China,2020-01-28 23:00:00,9.0,0.0,0.0,28
297,01/28/2020 23:00:00,Hong Kong,Hong Kong,2020-01-28 23:00:00,8.0,0.0,0.0,28
298,01/28/2020 23:00:00,Taiwan,Taiwan,2020-01-28 23:00:00,8.0,0.0,0.0,28
299,01/28/2020 23:00:00,Macau,Macau,2020-01-28 23:00:00,7.0,0.0,0.0,28
300,01/28/2020 23:00:00,Qinghai,Mainland China,2020-01-28 23:00:00,6.0,0.0,0.0,28
301,01/28/2020 23:00:00,Washington,US,2020-01-28 23:00:00,1.0,0.0,0.0,28
302,01/28/2020 23:00:00,Illinois,US,2020-01-28 23:00:00,1.0,0.0,0.0,28
303,01/28/2020 23:00:00,California,US,2020-01-28 23:00:00,2.0,0.0,0.0,28
304,01/28/2020 23:00:00,Arizona,US,2020-01-28 23:00:00,1.0,0.0,0.0,28
305,01/28/2020 23:00:00,,Japan,2020-01-28 23:00:00,7.0,0.0,1.0,28
306,01/28/2020 23:00:00,,Thailand,2020-01-28 23:00:00,14.0,0.0,5.0,28
307,01/28/2020 23:00:00,,South Korea,2020-01-28 23:00:00,4.0,0.0,0.0,28
308,01/28/2020 23:00:00,,Singapore,2020-01-28 23:00:00,7.0,0.0,0.0,28
309,01/28/2020 23:00:00,,Vietnam,2020-01-28 23:00:00,2.0,0.0,0.0,28
310,01/28/2020 23:00:00,,France,2020-01-28 23:00:00,4.0,0.0,0.0,28
311,01/28/2020 23:00:00,,Nepal,2020-01-28 23:00:00,1.0,0.0,0.0,28
312,01/28/2020 23:00:00,,Malaysia,2020-01-28 23:00:00,7.0,0.0,0.0,28
313,01/28/2020 23:00:00,Ontario,Canada,2020-01-28 23:00:00,1.0,0.0,0.0,28
314,01/28/2020 23:00:00,British Columbia,Canada,2020-01-28 23:00:00,1.0,0.0,0.0,28
315,01/28/2020 23:00:00,,Cambodia,2020-01-28 23:00:00,1.0,0.0,0.0,28
316,01/28/2020 23:00:00,,Sri Lanka,2020-01-28 23:00:00,1.0,0.0,0.0,28
317,01/28/2020 23:00:00,New South Wales,Australia,2020-01-28 23:00:00,4.0,0.0,0.0,28
318,01/28/2020 23:00:00,Victoria,Australia,2020-01-28 23:00:00,1.0,0.0,0.0,28
319,01/28/2020 23:00:00,Bavaria,Germany,2020-01-28 23:00:00,4.0,0.0,0.0,28
320,01/29/2020 21:00:00,Hubei,Mainland China,2020-01-29 21:00:00,4586.0,162.0,90.0,29
321,01/29/2020 21:00:00,Zhejiang,Mainland China,2020-01-29 21:00:00,428.0,0.0,4.0,29
322,01/29/2020 21:00:00,Guangdong,Mainland China,2020-01-29 21:00:00,311.0,0.0,6.0,29
323,01/29/2020 21:00:00,Henan,Mainland China,2020-01-29 21:00:00,278.0,2.0,2.0,29
324,01/29/2020 21:00:00,Hunan,Mainland China,2020-01-29 21:00:00,277.0,0.0,0.0,29
325,01/29/2020 21:00:00,Anhui,Mainland China,2020-01-29 21:00:00,200.0,0.0,2.0,29
326,01/29/2020 21:00:00,Chongqing,Mainland China,2020-01-29 21:00:00,165.0,0.0,1.0,29
327,01/29/2020 21:00:00,Jiangxi,Mainland China,2020-01-29 21:00:00,162.0,0.0,4.0,29
328,01/29/2020 21:00:00,Shandong,Mainland China,2020-01-29 21:00:00,145.0,0.0,1.0,29
329,01/29/2020 21:00:00,Sichuan,Mainland China,2020-01-29 21:00:00,142.0,1.0,1.0,29
330,01/29/2020 21:00:00,Jiangsu,Mainland China,2020-01-29 21:00:00,129.0,0.0,1.0,29
331,01/29/2020 21:00:00,Beijing,Mainland China,2020-01-29 21:00:00,111.0,1.0,4.0,29
332,01/29/2020 21:00:00,Shanghai,Mainland China,2020-01-29 21:00:00,101.0,1.0,5.0,29
333,01/29/2020 21:00:00,Fujian,Mainland China,2020-01-29 21:00:00,101.0,0.0,0.0,29
334,01/29/2020 21:00:00,Guangxi,Mainland China,2020-01-29 21:00:00,78.0,0.0,2.0,29
335,01/29/2020 21:00:00,Hebei,Mainland China,2020-01-29 21:00:00,65.0,1.0,0.0,29
336,01/29/2020 21:00:00,Shaanxi,Mainland China,2020-01-29 21:00:00,56.0,0.0,0.0,29
337,01/29/2020 21:00:00,Yunnan,Mainland China,2020-01-29 21:00:00,55.0,0.0,0.0,29
338,01/29/2020 21:00:00,Hainan,Mainland China,2020-01-29 21:00:00,43.0,1.0,0.0,29
339,01/29/2020 21:00:00,Heilongjiang,Mainland China,2020-01-29 21:00:00,43.0,1.0,0.0,29
340,01/29/2020 21:00:00,Liaoning,Mainland China,2020-01-29 21:00:00,39.0,0.0,1.0,29
341,01/29/2020 21:00:00,Shanxi,Mainland China,2020-01-29 21:00:00,35.0,0.0,1.0,29
342,01/29/2020 21:00:00,Tianjin,Mainland China,2020-01-29 21:00:00,27.0,0.0,0.0,29
343,01/29/2020 21:00:00,Gansu,Mainland China,2020-01-29 21:00:00,26.0,0.0,0.0,29
344,01/29/2020 21:00:00,Inner Mongolia,Mainland China,2020-01-29 21:00:00,16.0,0.0,0.0,29
345,01/29/2020 21:00:00,Jilin,Mainland China,2020-01-29 21:00:00,14.0,0.0,1.0,29
346,01/29/2020 21:00:00,Xinjiang,Mainland China,2020-01-29 21:00:00,14.0,0.0,0.0,29
347,01/29/2020 21:00:00,Guizhou,Mainland China,2020-01-29 21:00:00,12.0,0.0,1.0,29
348,01/29/2020 21:00:00,Ningxia,Mainland China,2020-01-29 21:00:00,12.0,0.0,0.0,29
349,01/29/2020 21:00:00,Hong Kong,Hong Kong,2020-01-29 21:00:00,10.0,0.0,0.0,29
350,01/29/2020 21:00:00,Taiwan,Taiwan,2020-01-29 21:00:00,8.0,0.0,0.0,29
351,01/29/2020 21:00:00,Macau,Macau,2020-01-29 21:00:00,7.0,0.0,0.0,29
352,01/29/2020 21:00:00,Qinghai,Mainland China,2020-01-29 21:00:00,6.0,0.0,0.0,29
353,01/29/2020 21:00:00,Tibet,Mainland China,2020-01-29 21:00:00,1.0,0.0,0.0,29
354,01/29/2020 21:00:00,Washington,US,2020-01-29 21:00:00,1.0,0.0,0.0,29
355,01/29/2020 21:00:00,Illinois,US,2020-01-29 21:00:00,1.0,0.0,0.0,29
356,01/29/2020 21:00:00,California,US,2020-01-29 21:00:00,2.0,0.0,0.0,29
357,01/29/2020 21:00:00,Arizona,US,2020-01-29 21:00:00,1.0,0.0,0.0,29
358,01/29/2020 21:00:00,,Japan,2020-01-29 21:00:00,11.0,0.0,1.0,29
359,01/29/2020 21:00:00,,Thailand,2020-01-29 21:00:00,14.0,0.0,5.0,29
360,01/29/2020 21:00:00,,South Korea,2020-01-29 21:00:00,4.0,0.0,0.0,29
361,01/29/2020 21:00:00,,Singapore,2020-01-29 21:00:00,10.0,0.0,0.0,29
362,01/29/2020 21:00:00,,Vietnam,2020-01-29 21:00:00,2.0,0.0,0.0,29
363,01/29/2020 21:00:00,,France,2020-01-29 21:00:00,5.0,0.0,0.0,29
364,01/29/2020 21:00:00,,Nepal,2020-01-29 21:00:00,1.0,0.0,0.0,29
365,01/29/2020 21:00:00,,Malaysia,2020-01-29 21:00:00,7.0,0.0,0.0,29
366,01/29/2020 21:00:00,Ontario,Canada,2020-01-29 21:00:00,2.0,0.0,0.0,29
367,01/29/2020 21:00:00,British Columbia,Canada,2020-01-29 21:00:00,1.0,0.0,0.0,29
368,01/29/2020 21:00:00,,Cambodia,2020-01-29 21:00:00,1.0,0.0,0.0,29
369,01/29/2020 21:00:00,,Sri Lanka,2020-01-29 21:00:00,1.0,0.0,0.0,29
370,01/29/2020 21:00:00,New South Wales,Australia,2020-01-29 21:00:00,4.0,0.0,0.0,29
371,01/29/2020 21:00:00,Victoria,Australia,2020-01-29 21:00:00,2.0,0.0,0.0,29
372,01/29/2020 21:00:00,Queensland,Australia,2020-01-29 21:00:00,1.0,0.0,0.0,29
373,01/29/2020 21:00:00,Bavaria,Germany,2020-01-29 21:00:00,4.0,0.0,0.0,29
374,01/29/2020 21:00:00,,Finland,2020-01-29 21:00:00,1.0,0.0,0.0,29
375,01/29/2020 21:00:00,,United Arab Emirates,2020-01-29 21:00:00,4.0,0.0,0.0,29
376,01/30/2020 21:30:00,Hubei,Mainland China,2020-01-30 21:30:00,5806.0,204.0,116.0,30
377,01/30/2020 21:30:00,Zhejiang,Mainland China,2020-01-30 21:30:00,537.0,0.0,9.0,30
378,01/30/2020 21:30:00,Guangdong,Mainland China,2020-01-30 21:30:00,393.0,0.0,11.0,30
379,01/30/2020 21:30:00,Henan,Mainland China,2020-01-30 21:30:00,352.0,2.0,3.0,30
380,01/30/2020 21:30:00,Hunan,Mainland China,2020-01-30 21:30:00,332.0,0.0,2.0,30
381,01/30/2020 21:30:00,Jiangxi,Mainland China,2020-01-30 21:30:00,240.0,0.0,7.0,30
382,01/30/2020 21:30:00,Anhui,Mainland China,2020-01-30 21:30:00,237.0,0.0,3.0,30
383,01/30/2020 21:30:00,Chongqing,Mainland China,2020-01-30 21:30:00,206.0,0.0,1.0,30
384,01/30/2020 21:30:00,Shandong,Mainland China,2020-01-30 21:30:00,178.0,0.0,2.0,30
385,01/30/2020 21:30:00,Sichuan,Mainland China,2020-01-30 21:30:00,177.0,1.0,1.0,30
386,01/30/2020 21:30:00,Jiangsu,Mainland China,2020-01-30 21:30:00,168.0,0.0,2.0,30
387,01/30/2020 21:30:00,Shanghai,Mainland China,2020-01-30 21:30:00,128.0,1.0,9.0,30
388,01/30/2020 21:30:00,Beijing,Mainland China,2020-01-30 21:30:00,121.0,1.0,5.0,30
389,01/30/2020 21:30:00,Fujian,Mainland China,2020-01-30 21:30:00,101.0,0.0,0.0,30
390,01/30/2020 21:30:00,Guangxi,Mainland China,2020-01-30 21:30:00,87.0,0.0,2.0,30
391,01/30/2020 21:30:00,Hebei,Mainland China,2020-01-30 21:30:00,82.0,1.0,0.0,30
392,01/30/2020 21:30:00,Yunnan,Mainland China,2020-01-30 21:30:00,76.0,0.0,0.0,30
393,01/30/2020 21:30:00,Shaanxi,Mainland China,2020-01-30 21:30:00,87.0,0.0,0.0,30
394,01/30/2020 21:30:00,Heilongjiang,Mainland China,2020-01-30 21:30:00,59.0,2.0,0.0,30
395,01/30/2020 21:30:00,Hainan,Mainland China,2020-01-30 21:30:00,50.0,1.0,1.0,30
396,01/30/2020 21:30:00,Liaoning,Mainland China,2020-01-30 21:30:00,45.0,0.0,1.0,30
397,01/30/2020 21:30:00,Shanxi,Mainland China,2020-01-30 21:30:00,39.0,0.0,1.0,30
398,01/30/2020 21:30:00,Tianjin,Mainland China,2020-01-30 21:30:00,32.0,0.0,0.0,30
399,01/30/2020 21:30:00,Gansu,Mainland China,2020-01-30 21:30:00,29.0,0.0,0.0,30
400,01/30/2020 21:30:00,Ningxia,Mainland China,2020-01-30 21:30:00,21.0,0.0,1.0,30
401,01/30/2020 21:30:00,Inner Mongolia,Mainland China,2020-01-30 21:30:00,20.0,0.0,0.0,30
402,01/30/2020 21:30:00,Xinjiang,Mainland China,2020-01-30 21:30:00,17.0,0.0,0.0,30
403,01/30/2020 21:30:00,Guizhou,Mainland China,2020-01-30 21:30:00,15.0,0.0,1.0,30
404,01/30/2020 21:30:00,Jilin,Mainland China,2020-01-30 21:30:00,14.0,0.0,1.0,30
405,01/30/2020 21:30:00,Hong Kong,Hong Kong,2020-01-30 21:30:00,12.0,0.0,0.0,30
406,01/30/2020 21:30:00,Taiwan,Taiwan,2020-01-30 21:30:00,9.0,0.0,0.0,30
407,01/30/2020 21:30:00,Qinghai,Mainland China,2020-01-30 21:30:00,8.0,0.0,0.0,30
408,01/30/2020 21:30:00,Macau,Macau,2020-01-30 21:30:00,7.0,0.0,0.0,30
409,01/30/2020 21:30:00,Tibet,Mainland China,2020-01-30 21:30:00,1.0,0.0,0.0,30
410,01/30/2020 21:30:00,Washington,US,2020-01-30 21:30:00,1.0,0.0,0.0,30
411,01/30/2020 21:30:00,Illinois,US,2020-01-30 21:30:00,2.0,0.0,0.0,30
412,01/30/2020 21:30:00,California,US,2020-01-30 21:30:00,2.0,0.0,0.0,30
413,01/30/2020 21:30:00,Arizona,US,2020-01-30 21:30:00,1.0,0.0,0.0,30
414,01/30/2020 21:30:00,,Japan,2020-01-30 21:30:00,11.0,0.0,1.0,30
415,01/30/2020 21:30:00,,Thailand,2020-01-30 21:30:00,14.0,0.0,5.0,30
416,01/30/2020 21:30:00,,South Korea,2020-01-30 21:30:00,6.0,0.0,0.0,30
417,01/30/2020 21:30:00,,Singapore,2020-01-30 21:30:00,10.0,0.0,0.0,30
418,01/30/2020 21:30:00,,Vietnam,2020-01-30 21:30:00,2.0,0.0,0.0,30
419,01/30/2020 21:30:00,,France,2020-01-30 21:30:00,5.0,0.0,0.0,30
420,01/30/2020 21:30:00,,Nepal,2020-01-30 21:30:00,1.0,0.0,0.0,30
421,01/30/2020 21:30:00,,Malaysia,2020-01-30 21:30:00,8.0,0.0,0.0,30
422,01/30/2020 21:30:00,Ontario,Canada,2020-01-30 21:30:00,2.0,0.0,0.0,30
423,01/30/2020 21:30:00,British Columbia,Canada,2020-01-30 21:30:00,1.0,0.0,0.0,30
424,01/30/2020 21:30:00,,Cambodia,2020-01-30 21:30:00,1.0,0.0,0.0,30
425,01/30/2020 21:30:00,,Sri Lanka,2020-01-30 21:30:00,1.0,0.0,0.0,30
426,01/30/2020 21:30:00,New South Wales,Australia,2020-01-30 21:30:00,4.0,0.0,2.0,30
427,01/30/2020 21:30:00,Victoria,Australia,2020-01-30 21:30:00,2.0,0.0,0.0,30
428,01/30/2020 21:30:00,Queensland,Australia,2020-01-30 21:30:00,3.0,0.0,0.0,30
429,01/30/2020 21:30:00,Bavaria,Germany,2020-01-30 21:30:00,4.0,0.0,0.0,30
430,01/30/2020 21:30:00,,Finland,2020-01-30 21:30:00,1.0,0.0,0.0,30
431,01/30/2020 21:30:00,,United Arab Emirates,2020-01-30 21:30:00,4.0,0.0,0.0,30
432,01/30/2020 21:30:00,,Philippines,2020-01-30 21:30:00,1.0,0.0,0.0,30
433,01/30/2020 21:30:00,,India,2020-01-30 21:30:00,1.0,0.0,0.0,30
434,01/30/2020 21:30:00,,Italy,2020-01-30 21:30:00,2.0,0.0,0.0,30
435,01/31/2020 19:00:00,Hubei,Mainland China,2020-01-31 19:00:00,7153.0,249.0,169.0,31
436,01/31/2020 19:00:00,Zhejiang,Mainland China,2020-01-31 19:00:00,537.0,0.0,14.0,31
437,01/31/2020 19:00:00,Guangdong,Mainland China,2020-01-31 19:00:00,436.0,0.0,10.0,31
438,01/31/2020 19:00:00,Henan,Mainland China,2020-01-31 19:00:00,352.0,2.0,3.0,31
439,01/31/2020 19:00:00,Hunan,Mainland China,2020-01-31 19:00:00,332.0,0.0,3.0,31
440,01/31/2020 19:00:00,Jiangxi,Mainland China,2020-01-31 19:00:00,240.0,0.0,7.0,31
441,01/31/2020 19:00:00,Chongqing,Mainland China,2020-01-31 19:00:00,238.0,1.0,1.0,31
442,01/31/2020 19:00:00,Anhui,Mainland China,2020-01-31 19:00:00,237.0,0.0,3.0,31
443,01/31/2020 19:00:00,Shandong,Mainland China,2020-01-31 19:00:00,184.0,0.0,2.0,31
444,01/31/2020 19:00:00,Sichuan,Mainland China,2020-01-31 19:00:00,177.0,1.0,1.0,31
445,01/31/2020 19:00:00,Jiangsu,Mainland China,2020-01-31 19:00:00,168.0,0.0,5.0,31
446,01/31/2020 19:00:00,Shanghai,Mainland China,2020-01-31 19:00:00,153.0,1.0,9.0,31
447,01/31/2020 19:00:00,Beijing,Mainland China,2020-01-31 19:00:00,139.0,1.0,5.0,31
448,01/31/2020 19:00:00,Fujian,Mainland China,2020-01-31 19:00:00,120.0,0.0,0.0,31
449,01/31/2020 19:00:00,Hebei,Mainland China,2020-01-31 19:00:00,96.0,1.0,0.0,31
450,01/31/2020 19:00:00,Guangxi,Mainland China,2020-01-31 19:00:00,88.0,0.0,2.0,31
451,01/31/2020 19:00:00,Shaanxi,Mainland China,2020-01-31 19:00:00,87.0,0.0,0.0,31
452,01/31/2020 19:00:00,Yunnan,Mainland China,2020-01-31 19:00:00,83.0,0.0,1.0,31
453,01/31/2020 19:00:00,Liaoning,Mainland China,2020-01-31 19:00:00,60.0,0.0,1.0,31
454,01/31/2020 19:00:00,Heilongjiang,Mainland China,2020-01-31 19:00:00,59.0,2.0,0.0,31
455,01/31/2020 19:00:00,Hainan,Mainland China,2020-01-31 19:00:00,58.0,1.0,1.0,31
456,01/31/2020 19:00:00,Shanxi,Mainland China,2020-01-31 19:00:00,47.0,0.0,1.0,31
457,01/31/2020 19:00:00,Gansu,Mainland China,2020-01-31 19:00:00,35.0,0.0,0.0,31
458,01/31/2020 19:00:00,Tianjin,Mainland China,2020-01-31 19:00:00,32.0,0.0,0.0,31
459,01/31/2020 19:00:00,Guizhou,Mainland China,2020-01-31 19:00:00,29.0,0.0,2.0,31
460,01/31/2020 19:00:00,Ningxia,Mainland China,2020-01-31 19:00:00,21.0,0.0,1.0,31
461,01/31/2020 19:00:00,Inner Mongolia,Mainland China,2020-01-31 19:00:00,20.0,0.0,0.0,31
462,01/31/2020 19:00:00,Xinjiang,Mainland China,2020-01-31 19:00:00,17.0,0.0,0.0,31
463,01/31/2020 19:00:00,Jilin,Mainland China,2020-01-31 19:00:00,14.0,0.0,1.0,31
464,01/31/2020 19:00:00,Hong Kong,Hong Kong,2020-01-31 19:00:00,13.0,0.0,0.0,31
465,01/31/2020 19:00:00,Taiwan,Taiwan,2020-01-31 19:00:00,10.0,0.0,0.0,31
466,01/31/2020 19:00:00,Qinghai,Mainland China,2020-01-31 19:00:00,8.0,0.0,0.0,31
467,01/31/2020 19:00:00,Macau,Macau,2020-01-31 19:00:00,7.0,0.0,0.0,31
468,01/31/2020 19:00:00,Tibet,Mainland China,2020-01-31 19:00:00,1.0,0.0,0.0,31
469,01/31/2020 19:00:00,Washington,US,2020-01-31 19:00:00,1.0,0.0,0.0,31
470,01/31/2020 19:00:00,Illinois,US,2020-01-31 19:00:00,2.0,0.0,0.0,31
471,01/31/2020 19:00:00,California,US,2020-01-31 19:00:00,3.0,0.0,0.0,31
472,01/31/2020 19:00:00,Arizona,US,2020-01-31 19:00:00,1.0,0.0,0.0,31
473,01/31/2020 19:00:00,,Japan,2020-01-31 19:00:00,17.0,0.0,1.0,31
474,01/31/2020 19:00:00,,Thailand,2020-01-31 19:00:00,19.0,0.0,7.0,31
475,01/31/2020 19:00:00,,South Korea,2020-01-31 19:00:00,11.0,0.0,0.0,31
476,01/31/2020 19:00:00,,Singapore,2020-01-31 19:00:00,16.0,0.0,0.0,31
477,01/31/2020 19:00:00,,Vietnam,2020-01-31 19:00:00,2.0,0.0,0.0,31
478,01/31/2020 19:00:00,,France,2020-01-31 19:00:00,6.0,0.0,0.0,31
479,01/31/2020 19:00:00,,Nepal,2020-01-31 19:00:00,1.0,0.0,0.0,31
480,01/31/2020 19:00:00,,Malaysia,2020-01-31 19:00:00,8.0,0.0,0.0,31
481,01/31/2020 19:00:00,Ontario,Canada,2020-01-31 19:00:00,2.0,0.0,0.0,31
482,01/31/2020 19:00:00,British Columbia,Canada,2020-01-31 19:00:00,1.0,0.0,0.0,31
483,01/31/2020 19:00:00,,Cambodia,2020-01-31 19:00:00,1.0,0.0,0.0,31
484,01/31/2020 19:00:00,,Sri Lanka,2020-01-31 19:00:00,1.0,0.0,0.0,31
485,01/31/2020 19:00:00,New South Wales,Australia,2020-01-31 19:00:00,4.0,0.0,2.0,31
486,01/31/2020 19:00:00,Victoria,Australia,2020-01-31 19:00:00,2.0,0.0,0.0,31
487,01/31/2020 19:00:00,Queensland,Australia,2020-01-31 19:00:00,3.0,0.0,0.0,31
488,01/31/2020 19:00:00,Bavaria,Germany,2020-01-31 19:00:00,7.0,0.0,0.0,31
489,01/31/2020 19:00:00,,Finland,2020-01-31 19:00:00,1.0,0.0,0.0,31
490,01/31/2020 19:00:00,,United Arab Emirates,2020-01-31 19:00:00,4.0,0.0,0.0,31
491,01/31/2020 19:00:00,,Philippines,2020-01-31 19:00:00,1.0,0.0,0.0,31
492,01/31/2020 19:00:00,,India,2020-01-31 19:00:00,1.0,0.0,0.0,31
493,01/31/2020 19:00:00,,Italy,2020-01-31 19:00:00,2.0,0.0,0.0,31
494,01/31/2020 19:00:00,,Sweden,2020-01-31 19:00:00,1.0,0.0,0.0,31
495,01/31/2020 19:00:00,,Russia,2020-01-31 19:00:00,2.0,0.0,0.0,31
496,01/31/2020 19:00:00,,Spain,2020-01-31 19:00:00,1.0,0.0,0.0,31
497,01/31/2020 19:00:00,,UK,2020-01-31 19:00:00,2.0,0.0,0.0,31
498,02/01/2020 23:00:00,Hubei,Mainland China,2020-01-02 23:33:00,9074.0,294.0,215.0,2
499,02/01/2020 23:00:00,Zhejiang,Mainland China,2020-02-02 02:13:00,661.0,0.0,23.0,2
500,02/01/2020 23:00:00,Guangdong,Mainland China,2020-02-02 01:23:00,604.0,0.0,14.0,2
501,02/01/2020 23:00:00,Henan,Mainland China,2020-02-02 00:53:00,493.0,2.0,4.0,2
502,02/01/2020 23:00:00,Hunan,Mainland China,2020-02-02 01:53:00,463.0,0.0,8.0,2
503,02/01/2020 23:00:00,Anhui,Mainland China,2020-02-02 01:33:00,340.0,0.0,5.0,2
504,02/01/2020 23:00:00,Jiangxi,Mainland China,2020-02-02 01:23:00,333.0,0.0,10.0,2
505,02/01/2020 23:00:00,Chongqing,Mainland China,2020-01-02 23:43:00,262.0,1.0,3.0,2
506,02/01/2020 23:00:00,Jiangsu,Mainland China,2020-02-02 01:13:00,236.0,0.0,6.0,2
507,02/01/2020 23:00:00,Sichuan,Mainland China,2020-02-02 01:03:00,231.0,1.0,3.0,2
508,02/01/2020 23:00:00,Shandong,Mainland China,2020-02-02 01:03:00,225.0,0.0,5.0,2
509,02/01/2020 23:00:00,Beijing,Mainland China,2020-02-02 03:05:00,183.0,1.0,9.0,2
510,02/01/2020 23:00:00,Shanghai,Mainland China,2020-02-02 00:23:00,177.0,1.0,10.0,2
511,02/01/2020 23:00:00,Fujian,Mainland China,2020-02-02 03:43:00,159.0,0.0,0.0,2
512,02/01/2020 23:00:00,Shaanxi,Mainland China,2020-02-02 03:23:00,116.0,0.0,0.0,2
513,02/01/2020 23:00:00,Guangxi,Mainland China,2020-02-02 00:23:00,111.0,0.0,2.0,2
514,02/01/2020 23:00:00,Hebei,Mainland China,2020-02-02 02:53:00,104.0,1.0,3.0,2
515,02/01/2020 23:00:00,Heilongjiang,Mainland China,2020-02-02 03:23:00,95.0,2.0,2.0,2
516,02/01/2020 23:00:00,Yunnan,Mainland China,2020-01-02 15:53:00,93.0,0.0,2.0,2
517,02/01/2020 23:00:00,Liaoning,Mainland China,2020-01-02 15:23:00,64.0,0.0,1.0,2
518,02/01/2020 23:00:00,Hainan,Mainland China,2020-02-02 01:03:00,63.0,1.0,1.0,2
519,02/01/2020 23:00:00,Shanxi,Mainland China,2020-01-02 23:33:00,56.0,0.0,1.0,2
520,02/01/2020 23:00:00,Tianjin,Mainland China,2020-02-02 02:03:00,45.0,0.0,0.0,2
521,02/01/2020 23:00:00,Gansu,Mainland China,2020-01-02 15:43:00,40.0,0.0,0.0,2
522,02/01/2020 23:00:00,Guizhou,Mainland China,2020-02-02 01:03:00,38.0,0.0,2.0,2
523,02/01/2020 23:00:00,Ningxia,Mainland China,2020-02-02 01:43:00,28.0,0.0,0.0,2
524,02/01/2020 23:00:00,Inner Mongolia,Mainland China,2020-02-02 03:43:00,27.0,0.0,1.0,2
525,02/01/2020 23:00:00,Jilin,Mainland China,2020-02-02 02:33:00,23.0,0.0,1.0,2
526,02/01/2020 23:00:00,Xinjiang,Mainland China,2020-02-02 00:43:00,21.0,0.0,0.0,2
527,02/01/2020 23:00:00,,Japan,2020-01-02 18:53:00,20.0,0.0,1.0,2
528,02/01/2020 23:00:00,,Thailand,2020-01-31 10:37:00,19.0,0.0,5.0,31
529,02/01/2020 23:00:00,,Singapore,2020-02-02 01:03:00,18.0,0.0,0.0,2
530,02/01/2020 23:00:00,,South Korea,2020-02-02 02:23:00,15.0,0.0,0.0,2
531,02/01/2020 23:00:00,Hong Kong,Hong Kong,2020-02-02 01:03:00,14.0,0.0,0.0,2
532,02/01/2020 23:00:00,Taiwan,Taiwan,2020-01-31 15:20:00,10.0,0.0,0.0,31
533,02/01/2020 23:00:00,Qinghai,Mainland China,2020-01-02 05:37:00,9.0,0.0,0.0,2
534,02/01/2020 23:00:00,,Germany,2020-01-02 23:33:00,8.0,0.0,0.0,2
535,02/01/2020 23:00:00,,Malaysia,2020-01-31 08:15:00,8.0,0.0,0.0,31
536,02/01/2020 23:00:00,Macau,Macau,2020-01-31 08:15:00,7.0,0.0,0.0,31
537,02/01/2020 23:00:00,,France,2020-01-02 01:52:00,6.0,0.0,0.0,2
538,02/01/2020 23:00:00,,Vietnam,2020-01-02 07:38:00,6.0,0.0,1.0,2
539,02/01/2020 23:00:00,New South Wales,Australia,2020-01-02 18:12:00,4.0,0.0,2.0,2
540,02/01/2020 23:00:00,Victoria,Australia,2020-01-02 18:12:00,4.0,0.0,0.0,2
541,02/01/2020 23:00:00,,United Arab Emirates,2020-01-31 08:15:00,4.0,0.0,0.0,31
542,02/01/2020 23:00:00,Queensland,Australia,2020-01-02 18:12:00,2.0,0.0,0.0,2
543,02/01/2020 23:00:00,Ontario,Canada,2020-01-02 18:12:00,3.0,0.0,0.0,2
544,02/01/2020 23:00:00,,Italy,2020-01-31 08:15:00,2.0,0.0,0.0,31
545,02/01/2020 23:00:00,,Philippines,2020-02-02 03:33:00,2.0,1.0,0.0,2
546,02/01/2020 23:00:00,,Russia,2020-01-31 16:13:00,2.0,0.0,0.0,31
547,02/01/2020 23:00:00,,UK,2020-01-02 01:52:00,2.0,0.0,0.0,2
548,02/01/2020 23:00:00,"Chicago, IL",US,2020-01-02 19:43:00,2.0,0.0,0.0,2
549,02/01/2020 23:00:00,South Australia,Australia,2020-01-02 18:12:00,2.0,0.0,0.0,2
550,02/01/2020 23:00:00,,Cambodia,2020-01-31 08:15:00,1.0,0.0,0.0,31
551,02/01/2020 23:00:00,British Columbia,Canada,2020-01-02 18:12:00,1.0,0.0,0.0,2
552,02/01/2020 23:00:00,,Finland,2020-01-31 08:15:00,1.0,0.0,0.0,31
553,02/01/2020 23:00:00,,India,2020-01-31 08:15:00,1.0,0.0,0.0,31
554,02/01/2020 23:00:00,Tibet,Mainland China,2020-01-02 01:52:00,1.0,0.0,0.0,2
555,02/01/2020 23:00:00,,Nepal,2020-01-31 08:15:00,1.0,0.0,0.0,31
556,02/01/2020 23:00:00,,Spain,2020-01-02 23:43:00,1.0,0.0,0.0,2
557,02/01/2020 23:00:00,,Sri Lanka,2020-01-31 08:15:00,1.0,0.0,0.0,31
558,02/01/2020 23:00:00,,Sweden,2020-01-02 02:13:00,1.0,0.0,0.0,2
559,02/01/2020 23:00:00,"Boston, MA",US,2020-01-02 19:43:00,1.0,0.0,0.0,2
560,02/01/2020 23:00:00,"Los Angeles, CA",US,2020-01-02 19:53:00,1.0,0.0,0.0,2
561,02/01/2020 23:00:00,"Orange, CA",US,2020-01-02 19:53:00,1.0,0.0,0.0,2
562,02/01/2020 23:00:00,"Santa Clara, CA",US,2020-01-02 19:53:00,1.0,0.0,0.0,2
563,02/01/2020 23:00:00,"Seattle, WA",US,2020-01-02 19:43:00,1.0,0.0,0.0,2
564,02/01/2020 23:00:00,"Tempe, AZ",US,2020-01-02 19:43:00,1.0,0.0,0.0,2
565,02/02/2020 21:00:00,Hubei,Mainland China,2020-02-02 23:43:00,11177.0,350.0,295.0,2
566,02/02/2020 21:00:00,Zhejiang,Mainland China,2020-03-02 01:33:00,724.0,0.0,36.0,2
567,02/02/2020 21:00:00,Guangdong,Mainland China,2020-03-02 01:33:00,683.0,0.0,15.0,2
568,02/02/2020 21:00:00,Henan,Mainland China,2020-03-02 01:03:00,566.0,2.0,14.0,2
569,02/02/2020 21:00:00,Hunan,Mainland China,2020-03-02 01:33:00,521.0,0.0,16.0,2
570,02/02/2020 21:00:00,Anhui,Mainland China,2020-03-02 00:53:00,408.0,0.0,7.0,2
571,02/02/2020 21:00:00,Jiangxi,Mainland China,2020-03-02 01:33:00,391.0,0.0,18.0,2
572,02/02/2020 21:00:00,Chongqing,Mainland China,2020-02-02 23:33:00,300.0,2.0,7.0,2
573,02/02/2020 21:00:00,Jiangsu,Mainland China,2020-03-02 01:03:00,271.0,0.0,7.0,2
574,02/02/2020 21:00:00,Sichuan,Mainland China,2020-03-02 01:03:00,254.0,1.0,12.0,2
575,02/02/2020 21:00:00,Shandong,Mainland China,2020-03-02 01:13:00,246.0,0.0,6.0,2
576,02/02/2020 21:00:00,Shanghai,Mainland China,2020-03-02 00:03:00,193.0,1.0,10.0,2
577,02/02/2020 21:00:00,Beijing,Mainland China,2020-02-02 08:43:00,191.0,1.0,9.0,2
578,02/02/2020 21:00:00,Fujian,Mainland China,2020-02-02 03:43:00,159.0,0.0,0.0,2
579,02/02/2020 21:00:00,Guangxi,Mainland China,2020-03-02 00:13:00,127.0,0.0,2.0,2
580,02/02/2020 21:00:00,Shaanxi,Mainland China,2020-02-02 03:23:00,116.0,0.0,0.0,2
581,02/02/2020 21:00:00,Hebei,Mainland China,2020-03-02 00:23:00,113.0,1.0,3.0,2
582,02/02/2020 21:00:00,Yunnan,Mainland China,2020-02-02 18:03:00,105.0,0.0,3.0,2
583,02/02/2020 21:00:00,Heilongjiang,Mainland China,2020-02-02 03:23:00,95.0,2.0,2.0,2
584,02/02/2020 21:00:00,Hainan,Mainland China,2020-03-02 00:43:00,71.0,1.0,4.0,2
585,02/02/2020 21:00:00,Liaoning,Mainland China,2020-02-02 18:03:00,70.0,0.0,1.0,2
586,02/02/2020 21:00:00,Shanxi,Mainland China,2020-02-02 23:23:00,66.0,0.0,3.0,2
587,02/02/2020 21:00:00,Gansu,Mainland China,2020-02-02 23:43:00,51.0,0.0,3.0,2
588,02/02/2020 21:00:00,Tianjin,Mainland China,2020-02-02 09:43:00,48.0,0.0,1.0,2
589,02/02/2020 21:00:00,Guizhou,Mainland China,2020-03-02 01:03:00,46.0,0.0,2.0,2
590,02/02/2020 21:00:00,Jilin,Mainland China,2020-03-02 00:53:00,31.0,0.0,1.0,2
591,02/02/2020 21:00:00,Ningxia,Mainland China,2020-02-02 01:43:00,28.0,0.0,0.0,2
592,02/02/2020 21:00:00,Inner Mongolia,Mainland China,2020-02-02 03:43:00,27.0,0.0,1.0,2
593,02/02/2020 21:00:00,Xinjiang,Mainland China,2020-03-02 01:13:00,24.0,0.0,0.0,2
594,02/02/2020 21:00:00,,Japan,2020-01-02 18:53:00,20.0,0.0,1.0,2
595,02/02/2020 21:00:00,,Thailand,2020-01-31 10:37:00,19.0,0.0,5.0,31
596,02/02/2020 21:00:00,,Singapore,2020-02-02 01:03:00,18.0,0.0,0.0,2
597,02/02/2020 21:00:00,Hong Kong,Hong Kong,2020-02-02 23:53:00,15.0,0.0,0.0,2
598,02/02/2020 21:00:00,,South Korea,2020-02-02 02:23:00,15.0,0.0,0.0,2
599,02/02/2020 21:00:00,Qinghai,Mainland China,2020-02-02 05:33:00,11.0,0.0,0.0,2
600,02/02/2020 21:00:00,,Germany,2020-02-02 18:03:00,10.0,0.0,0.0,2
601,02/02/2020 21:00:00,Taiwan,Taiwan,2020-01-31 15:20:00,10.0,0.0,0.0,31
602,02/02/2020 21:00:00,Macau,Macau,2020-02-02 04:23:00,8.0,0.0,0.0,2
603,02/02/2020 21:00:00,,Malaysia,2020-01-31 08:15:00,8.0,0.0,0.0,31
604,02/02/2020 21:00:00,,France,2020-01-02 01:52:00,6.0,0.0,0.0,2
605,02/02/2020 21:00:00,,Vietnam,2020-01-02 07:38:00,6.0,0.0,1.0,2
606,02/02/2020 21:00:00,,United Arab Emirates,2020-02-02 05:43:00,5.0,0.0,0.0,2
607,02/02/2020 21:00:00,New South Wales,Australia,2020-01-02 18:12:00,4.0,0.0,2.0,2
608,02/02/2020 21:00:00,Victoria,Australia,2020-01-02 18:12:00,4.0,0.0,0.0,2
609,02/02/2020 21:00:00,Ontario,Canada,2020-01-02 18:12:00,3.0,0.0,0.0,2
610,02/02/2020 21:00:00,Queensland,Australia,2020-02-02 22:33:00,2.0,0.0,0.0,2
611,02/02/2020 21:00:00,South Australia,Australia,2020-02-02 22:33:00,2.0,0.0,0.0,2
612,02/02/2020 21:00:00,,India,2020-02-02 06:03:00,2.0,0.0,0.0,2
613,02/02/2020 21:00:00,,Italy,2020-01-31 08:15:00,2.0,0.0,0.0,31
614,02/02/2020 21:00:00,,Philippines,2020-02-02 03:33:00,2.0,1.0,0.0,2
615,02/02/2020 21:00:00,,Russia,2020-01-31 16:13:00,2.0,0.0,0.0,31
616,02/02/2020 21:00:00,,UK,2020-01-02 01:52:00,2.0,0.0,0.0,2
617,02/02/2020 21:00:00,"Chicago, IL",US,2020-01-02 19:43:00,2.0,0.0,0.0,2
618,02/02/2020 21:00:00,"Santa Clara, CA",US,2020-03-02 00:43:00,2.0,0.0,0.0,2
619,02/02/2020 21:00:00,,Cambodia,2020-01-31 08:15:00,1.0,0.0,0.0,31
620,02/02/2020 21:00:00,British Columbia,Canada,2020-01-02 18:12:00,1.0,0.0,0.0,2
621,02/02/2020 21:00:00,,Finland,2020-01-31 08:15:00,1.0,0.0,0.0,31
622,02/02/2020 21:00:00,Tibet,Mainland China,2020-01-02 01:52:00,1.0,0.0,0.0,2
623,02/02/2020 21:00:00,,Nepal,2020-01-31 08:15:00,1.0,0.0,0.0,31
624,02/02/2020 21:00:00,,Spain,2020-01-02 23:43:00,1.0,0.0,0.0,2
625,02/02/2020 21:00:00,,Sri Lanka,2020-01-31 08:15:00,1.0,0.0,0.0,31
626,02/02/2020 21:00:00,,Sweden,2020-01-02 02:13:00,1.0,0.0,0.0,2
627,02/02/2020 21:00:00,"Boston, MA",US,2020-01-02 19:43:00,1.0,0.0,0.0,2
628,02/02/2020 21:00:00,"Los Angeles, CA",US,2020-01-02 19:53:00,1.0,0.0,0.0,2
629,02/02/2020 21:00:00,"Orange, CA",US,2020-01-02 19:53:00,1.0,0.0,0.0,2
630,02/02/2020 21:00:00,"Seattle, WA",US,2020-01-02 19:43:00,1.0,0.0,0.0,2
631,02/02/2020 21:00:00,"Tempe, AZ",US,2020-01-02 19:43:00,1.0,0.0,0.0,2
632,02/03/2020 21:40:00,Hubei,Mainland China,2020-04-02 01:23:00,13522.0,414.0,396.0,2
633,02/03/2020 21:40:00,Zhejiang,Mainland China,2020-04-02 01:43:00,829.0,0.0,48.0,2
634,02/03/2020 21:40:00,Guangdong,Mainland China,2020-04-02 01:43:00,797.0,0.0,21.0,2
635,02/03/2020 21:40:00,Henan,Mainland China,2020-04-02 01:23:00,675.0,2.0,20.0,2
636,02/03/2020 21:40:00,Hunan,Mainland China,2020-04-02 01:43:00,593.0,0.0,22.0,2
637,02/03/2020 21:40:00,Anhui,Mainland China,2020-04-02 00:43:00,480.0,0.0,14.0,2
638,02/03/2020 21:40:00,Jiangxi,Mainland China,2020-04-02 01:43:00,476.0,0.0,19.0,2
639,02/03/2020 21:40:00,Chongqing,Mainland China,2020-03-02 23:43:00,337.0,2.0,9.0,2
640,02/03/2020 21:40:00,Jiangsu,Mainland China,2020-04-02 01:03:00,308.0,0.0,8.0,2
641,02/03/2020 21:40:00,Sichuan,Mainland China,2020-04-02 01:43:00,282.0,1.0,14.0,2
642,02/03/2020 21:40:00,Shandong,Mainland China,2020-04-02 00:53:00,270.0,0.0,7.0,2
643,02/03/2020 21:40:00,Beijing,Mainland China,2020-03-02 09:23:00,212.0,1.0,12.0,2
644,02/03/2020 21:40:00,Shanghai,Mainland China,2020-04-02 00:13:00,208.0,1.0,10.0,2
645,02/03/2020 21:40:00,Fujian,Mainland China,2020-03-02 11:33:00,179.0,0.0,1.0,2
646,02/03/2020 21:40:00,Heilongjiang,Mainland China,2020-04-02 00:53:00,155.0,2.0,2.0,2
647,02/03/2020 21:40:00,Shaanxi,Mainland China,2020-04-02 02:33:00,142.0,0.0,1.0,2
648,02/03/2020 21:40:00,Guangxi,Mainland China,2020-04-02 00:33:00,139.0,0.0,7.0,2
649,02/03/2020 21:40:00,Hebei,Mainland China,2020-04-02 00:23:00,126.0,1.0,3.0,2
650,02/03/2020 21:40:00,Yunnan,Mainland China,2020-03-02 23:23:00,117.0,0.0,5.0,2
651,02/03/2020 21:40:00,Hainan,Mainland China,2020-04-02 00:43:00,79.0,1.0,4.0,2
652,02/03/2020 21:40:00,Liaoning,Mainland China,2020-03-02 17:11:00,74.0,0.0,1.0,2
653,02/03/2020 21:40:00,Shanxi,Mainland China,2020-03-02 23:13:00,74.0,0.0,2.0,2
654,02/03/2020 21:40:00,Tianjin,Mainland China,2020-03-02 13:53:00,60.0,0.0,1.0,2
655,02/03/2020 21:40:00,Guizhou,Mainland China,2020-04-02 01:03:00,56.0,0.0,2.0,2
656,02/03/2020 21:40:00,Gansu,Mainland China,2020-03-02 23:03:00,55.0,0.0,3.0,2
657,02/03/2020 21:40:00,Jilin,Mainland China,2020-04-02 00:23:00,42.0,0.0,1.0,2
658,02/03/2020 21:40:00,Inner Mongolia,Mainland China,2020-03-02 03:03:00,34.0,0.0,1.0,2
659,02/03/2020 21:40:00,Ningxia,Mainland China,2020-04-02 02:13:00,34.0,0.0,1.0,2
660,02/03/2020 21:40:00,Xinjiang,Mainland China,2020-04-02 01:33:00,29.0,0.0,0.0,2
661,02/03/2020 21:40:00,,Japan,2020-01-02 18:53:00,20.0,0.0,1.0,2
662,02/03/2020 21:40:00,,Thailand,2020-01-31 10:37:00,19.0,0.0,5.0,31
663,02/03/2020 21:40:00,,Singapore,2020-02-02 01:03:00,18.0,0.0,0.0,2
664,02/03/2020 21:40:00,Hong Kong,Hong Kong,2020-02-02 23:53:00,15.0,0.0,0.0,2
665,02/03/2020 21:40:00,Qinghai,Mainland China,2020-04-02 01:33:00,15.0,0.0,0.0,2
666,02/03/2020 21:40:00,,South Korea,2020-02-02 02:23:00,15.0,0.0,0.0,2
667,02/03/2020 21:40:00,,Germany,2020-03-02 20:53:00,12.0,0.0,0.0,2
668,02/03/2020 21:40:00,Taiwan,Taiwan,2020-01-31 15:20:00,10.0,0.0,0.0,31
669,02/03/2020 21:40:00,Macau,Macau,2020-02-02 04:23:00,8.0,0.0,0.0,2
670,02/03/2020 21:40:00,,Malaysia,2020-01-31 08:15:00,8.0,0.0,0.0,31
671,02/03/2020 21:40:00,,Vietnam,2020-03-02 21:43:00,8.0,0.0,1.0,2
672,02/03/2020 21:40:00,,France,2020-01-02 01:52:00,6.0,0.0,0.0,2
673,02/03/2020 21:40:00,,United Arab Emirates,2020-02-02 05:43:00,5.0,0.0,0.0,2
674,02/03/2020 21:40:00,New South Wales,Australia,2020-01-02 18:12:00,4.0,0.0,2.0,2
675,02/03/2020 21:40:00,Victoria,Australia,2020-01-02 18:12:00,4.0,0.0,0.0,2
676,02/03/2020 21:40:00,,India,2020-03-02 21:43:00,3.0,0.0,0.0,2
677,02/03/2020 21:40:00,Queensland,Australia,2020-02-02 22:33:00,2.0,0.0,0.0,2
678,02/03/2020 21:40:00,South Australia,Australia,2020-02-02 22:33:00,2.0,0.0,0.0,2
679,02/03/2020 21:40:00,"Toronto, ON",Canada,2020-04-02 00:13:00,2.0,0.0,0.0,2
680,02/03/2020 21:40:00,,Italy,2020-01-31 08:15:00,2.0,0.0,0.0,31
681,02/03/2020 21:40:00,,Philippines,2020-02-02 03:33:00,2.0,1.0,0.0,2
682,02/03/2020 21:40:00,,Russia,2020-01-31 16:13:00,2.0,0.0,0.0,31
683,02/03/2020 21:40:00,,UK,2020-01-02 01:52:00,2.0,0.0,0.0,2
684,02/03/2020 21:40:00,"Chicago, IL",US,2020-01-02 19:43:00,2.0,0.0,0.0,2
685,02/03/2020 21:40:00,"San Benito, CA",US,2020-03-02 03:53:00,2.0,0.0,0.0,2
686,02/03/2020 21:40:00,"Santa Clara, CA",US,2020-03-02 00:43:00,2.0,0.0,0.0,2
687,02/03/2020 21:40:00,,Cambodia,2020-01-31 08:15:00,1.0,0.0,0.0,31
688,02/03/2020 21:40:00,British Columbia,Canada,2020-01-02 18:12:00,1.0,0.0,0.0,2
689,02/03/2020 21:40:00,"London, ON",Canada,2020-04-02 00:03:00,1.0,0.0,0.0,2
690,02/03/2020 21:40:00,,Finland,2020-01-31 08:15:00,1.0,0.0,0.0,31
691,02/03/2020 21:40:00,Tibet,Mainland China,2020-01-02 01:52:00,1.0,0.0,0.0,2
692,02/03/2020 21:40:00,,Nepal,2020-01-31 08:15:00,1.0,0.0,0.0,31
693,02/03/2020 21:40:00,,Spain,2020-01-02 23:43:00,1.0,0.0,0.0,2
694,02/03/2020 21:40:00,,Sri Lanka,2020-01-31 08:15:00,1.0,0.0,0.0,31
695,02/03/2020 21:40:00,,Sweden,2020-01-02 02:13:00,1.0,0.0,0.0,2
696,02/03/2020 21:40:00,"Boston, MA",US,2020-01-02 19:43:00,1.0,0.0,0.0,2
697,02/03/2020 21:40:00,"Los Angeles, CA",US,2020-01-02 19:53:00,1.0,0.0,0.0,2
698,02/03/2020 21:40:00,"Orange, CA",US,2020-01-02 19:53:00,1.0,0.0,0.0,2
699,02/03/2020 21:40:00,"Seattle, WA",US,2020-01-02 19:43:00,1.0,0.0,0.0,2
700,02/03/2020 21:40:00,"Tempe, AZ",US,2020-01-02 19:43:00,1.0,0.0,0.0,2
701,02/04/2020 22:00:00,Hubei,Mainland China,2020-04-02 23:43:00,16678.0,479.0,522.0,2
702,02/04/2020 22:00:00,Zhejiang,Mainland China,2020-05-02 01:33:00,895.0,0.0,63.0,2
703,02/04/2020 22:00:00,Guangdong,Mainland China,2020-05-02 02:03:00,870.0,0.0,32.0,2
704,02/04/2020 22:00:00,Henan,Mainland China,2020-05-02 01:13:00,764.0,2.0,41.0,2
705,02/04/2020 22:00:00,Hunan,Mainland China,2020-05-02 01:43:00,661.0,0.0,35.0,2
706,02/04/2020 22:00:00,Jiangxi,Mainland China,2020-05-02 01:33:00,548.0,0.0,27.0,2
707,02/04/2020 22:00:00,Anhui,Mainland China,2020-05-02 01:13:00,530.0,0.0,20.0,2
708,02/04/2020 22:00:00,Chongqing,Mainland China,2020-05-02 00:13:00,366.0,2.0,14.0,2
709,02/04/2020 22:00:00,Jiangsu,Mainland China,2020-05-02 02:43:00,341.0,0.0,13.0,2
710,02/04/2020 22:00:00,Sichuan,Mainland China,2020-05-02 00:53:00,301.0,1.0,23.0,2
711,02/04/2020 22:00:00,Shandong,Mainland China,2020-05-02 01:03:00,298.0,0.0,13.0,2
712,02/04/2020 22:00:00,Shanghai,Mainland China,2020-05-02 00:23:00,233.0,1.0,12.0,2
713,02/04/2020 22:00:00,Beijing,Mainland China,2020-04-02 08:33:00,228.0,1.0,23.0,2
714,02/04/2020 22:00:00,Fujian,Mainland China,2020-04-02 12:13:00,194.0,0.0,3.0,2
715,02/04/2020 22:00:00,Heilongjiang,Mainland China,2020-05-02 01:23:00,190.0,2.0,4.0,2
716,02/04/2020 22:00:00,Shaanxi,Mainland China,2020-05-02 02:43:00,165.0,0.0,2.0,2
717,02/04/2020 22:00:00,Guangxi,Mainland China,2020-05-02 00:43:00,150.0,0.0,10.0,2
718,02/04/2020 22:00:00,Hebei,Mainland China,2020-05-02 02:53:00,135.0,1.0,4.0,2
719,02/04/2020 22:00:00,Yunnan,Mainland China,2020-04-02 23:23:00,122.0,0.0,5.0,2
720,02/04/2020 22:00:00,Hainan,Mainland China,2020-05-02 02:53:00,91.0,1.0,4.0,2
721,02/04/2020 22:00:00,Liaoning,Mainland China,2020-04-02 14:13:00,81.0,0.0,2.0,2
722,02/04/2020 22:00:00,Shanxi,Mainland China,2020-04-02 23:23:00,81.0,0.0,4.0,2
723,02/04/2020 22:00:00,Tianjin,Mainland China,2020-04-02 13:33:00,67.0,0.0,2.0,2
724,02/04/2020 22:00:00,Guizhou,Mainland China,2020-05-02 01:23:00,64.0,0.0,5.0,2
725,02/04/2020 22:00:00,Gansu,Mainland China,2020-04-02 15:43:00,57.0,0.0,4.0,2
726,02/04/2020 22:00:00,Jilin,Mainland China,2020-05-02 00:43:00,54.0,0.0,1.0,2
727,02/04/2020 22:00:00,Inner Mongolia,Mainland China,2020-05-02 01:53:00,42.0,0.0,1.0,2
728,02/04/2020 22:00:00,Ningxia,Mainland China,2020-04-02 02:13:00,34.0,0.0,1.0,2
729,02/04/2020 22:00:00,Xinjiang,Mainland China,2020-05-02 02:03:00,32.0,0.0,0.0,2
730,02/04/2020 22:00:00,,Thailand,2020-04-02 15:33:00,25.0,0.0,5.0,2
731,02/04/2020 22:00:00,,Singapore,2020-04-02 15:33:00,24.0,0.0,0.0,2
732,02/04/2020 22:00:00,,Japan,2020-04-02 16:43:00,22.0,0.0,1.0,2
733,02/04/2020 22:00:00,Hong Kong,Hong Kong,2020-05-02 02:33:00,18.0,1.0,0.0,2
734,02/04/2020 22:00:00,Qinghai,Mainland China,2020-05-02 01:23:00,17.0,0.0,0.0,2
735,02/04/2020 22:00:00,,South Korea,2020-04-02 15:33:00,16.0,0.0,0.0,2
736,02/04/2020 22:00:00,,Germany,2020-03-02 20:53:00,12.0,0.0,0.0,2
737,02/04/2020 22:00:00,Taiwan,Taiwan,2020-04-02 14:53:00,11.0,0.0,0.0,2
738,02/04/2020 22:00:00,Macau,Macau,2020-04-02 04:43:00,10.0,0.0,0.0,2
739,02/04/2020 22:00:00,,Malaysia,2020-04-02 07:33:00,10.0,0.0,0.0,2
740,02/04/2020 22:00:00,,Vietnam,2020-03-02 21:43:00,8.0,0.0,1.0,2
741,02/04/2020 22:00:00,,France,2020-01-02 01:52:00,6.0,0.0,0.0,2
742,02/04/2020 22:00:00,,United Arab Emirates,2020-02-02 05:43:00,5.0,0.0,0.0,2
743,02/04/2020 22:00:00,New South Wales,Australia,2020-01-02 18:12:00,4.0,0.0,2.0,2
744,02/04/2020 22:00:00,Victoria,Australia,2020-01-02 18:12:00,4.0,0.0,0.0,2
745,02/04/2020 22:00:00,Queensland,Australia,2020-04-02 16:53:00,3.0,0.0,0.0,2
746,02/04/2020 22:00:00,,India,2020-03-02 21:43:00,3.0,0.0,0.0,2
747,02/04/2020 22:00:00,South Australia,Australia,2020-02-02 22:33:00,2.0,0.0,0.0,2
748,02/04/2020 22:00:00,"Toronto, ON",Canada,2020-04-02 00:13:00,2.0,0.0,0.0,2
749,02/04/2020 22:00:00,,Italy,2020-01-31 08:15:00,2.0,0.0,0.0,31
750,02/04/2020 22:00:00,,Philippines,2020-02-02 03:33:00,2.0,1.0,0.0,2
751,02/04/2020 22:00:00,,Russia,2020-01-31 16:13:00,2.0,0.0,0.0,31
752,02/04/2020 22:00:00,,UK,2020-01-02 01:52:00,2.0,0.0,0.0,2
753,02/04/2020 22:00:00,"Chicago, IL",US,2020-01-02 19:43:00,2.0,0.0,0.0,2
754,02/04/2020 22:00:00,"San Benito, CA",US,2020-03-02 03:53:00,2.0,0.0,0.0,2
755,02/04/2020 22:00:00,"Santa Clara, CA",US,2020-03-02 00:43:00,2.0,0.0,0.0,2
756,02/04/2020 22:00:00,,Belgium,2020-04-02 15:43:00,1.0,0.0,0.0,2
757,02/04/2020 22:00:00,,Cambodia,2020-01-31 08:15:00,1.0,0.0,0.0,31
758,02/04/2020 22:00:00,British Columbia,Canada,2020-01-02 18:12:00,1.0,0.0,0.0,2
759,02/04/2020 22:00:00,"London, ON",Canada,2020-04-02 00:03:00,1.0,0.0,0.0,2
760,02/04/2020 22:00:00,,Finland,2020-01-31 08:15:00,1.0,0.0,0.0,31
761,02/04/2020 22:00:00,Tibet,Mainland China,2020-01-02 01:52:00,1.0,0.0,0.0,2
762,02/04/2020 22:00:00,,Nepal,2020-01-31 08:15:00,1.0,0.0,0.0,31
763,02/04/2020 22:00:00,,Spain,2020-01-02 23:43:00,1.0,0.0,0.0,2
764,02/04/2020 22:00:00,,Sri Lanka,2020-01-31 08:15:00,1.0,0.0,0.0,31
765,02/04/2020 22:00:00,,Sweden,2020-01-02 02:13:00,1.0,0.0,0.0,2
766,02/04/2020 22:00:00,"Boston, MA",US,2020-01-02 19:43:00,1.0,0.0,0.0,2
767,02/04/2020 22:00:00,"Los Angeles, CA",US,2020-01-02 19:53:00,1.0,0.0,0.0,2
768,02/04/2020 22:00:00,"Orange, CA",US,2020-01-02 19:53:00,1.0,0.0,0.0,2
769,02/04/2020 22:00:00,"Seattle, WA",US,2020-01-02 19:43:00,1.0,0.0,0.0,2
770,02/04/2020 22:00:00,"Tempe, AZ",US,2020-01-02 19:43:00,1.0,0.0,0.0,2
